{"loss": [2.3283474445343018, 1.7658767700195312, 1.5734705924987793, 1.4522002935409546, 1.3547425270080566, 1.2916550636291504, 1.2399113178253174, 1.1873133182525635, 1.1408194303512573, 1.1087552309036255, 1.0602858066558838, 1.0364853143692017, 1.0046968460083008, 0.978079080581665, 0.9530811905860901, 0.9229251146316528, 0.8987116813659668, 0.8738704323768616, 0.8483977317810059, 0.8199529051780701, 0.8188601732254028, 0.7990617156028748, 0.7668808102607727, 0.7527177333831787, 0.7511789202690125, 0.7332921624183655, 0.6987394690513611, 0.6933628916740417, 0.6895707845687866, 0.6719575524330139, 0.6588004231452942, 0.6497052907943726, 0.6282181143760681, 0.6335738897323608, 0.6098563075065613, 0.5995021462440491, 0.577355146408081, 0.5680186748504639, 0.5665276646614075, 0.5532602667808533, 0.5476560592651367, 0.54488605260849, 0.5376890897750854, 0.5205168724060059, 0.5074340105056763, 0.5040714144706726, 0.486931711435318, 0.48419690132141113, 0.4805464744567871, 0.4653734564781189], "accuracy": [0.23676681518554688, 0.3841201663017273, 0.43476393818855286, 0.4814020097255707, 0.5178827047348022, 0.5373390316963196, 0.554792582988739, 0.5766809582710266, 0.5927038788795471, 0.6018598079681396, 0.6201716661453247, 0.6260371804237366, 0.6426323056221008, 0.656509280204773, 0.6648068428039551, 0.6732475161552429, 0.6826895475387573, 0.6961373686790466, 0.7097281813621521, 0.7105865478515625, 0.7138769626617432, 0.7221745252609253, 0.733905553817749, 0.7336194515228271, 0.7402002811431885, 0.7459227442741394, 0.7560800909996033, 0.7546495199203491, 0.7576537728309631, 0.7643776535987854, 0.770243227481842, 0.7755364775657654, 0.7862660884857178, 0.780257523059845, 0.7851216197013855, 0.7917024493217468, 0.8021458983421326, 0.8024320602416992, 0.8001430630683899, 0.807153046131134, 0.8110157251358032, 0.8101573586463928, 0.814163088798523, 0.8203147649765015, 0.8203147649765015, 0.8244635462760925, 0.8298998475074768, 0.8371959924697876, 0.8327611088752747, 0.8410586714744568], "val_loss": [1.8172379732131958, 1.5272213220596313, 1.3993710279464722, 1.336344838142395, 1.233888030052185, 1.2096232175827026, 1.1483267545700073, 1.134552240371704, 1.082993507385254, 1.0733654499053955, 1.037699818611145, 1.0260225534439087, 0.9923824071884155, 0.9646520614624023, 0.9551642537117004, 0.937106728553772, 0.9276549816131592, 0.9114959239959717, 0.8983087539672852, 0.9038034677505493, 0.8867449164390564, 0.8702065944671631, 0.8538732528686523, 0.8434356451034546, 0.8438287973403931, 0.8347283601760864, 0.8375375270843506, 0.8406760096549988, 0.8200328350067139, 0.8331258893013, 0.8031270503997803, 0.8454228043556213, 0.8166075944900513, 0.8071008920669556, 0.7906202673912048, 0.8175064921379089, 0.7806727290153503, 0.8102455139160156, 0.8056037425994873, 0.7915398478507996, 0.7761667966842651, 0.8062459826469421, 0.7844766974449158, 0.7789406180381775, 0.764329731464386, 0.7692573070526123, 0.7929170727729797, 0.7918410301208496, 0.7643242478370667, 0.79267418384552], "val_accuracy": [0.35847797989845276, 0.4499332308769226, 0.4966622292995453, 0.520026683807373, 0.5453938841819763, 0.5734312534332275, 0.5867823958396912, 0.594125509262085, 0.6188250780105591, 0.6148197650909424, 0.6321762204170227, 0.6388518214225769, 0.6555407047271729, 0.6642189621925354, 0.6655540466308594, 0.6662216186523438, 0.6769025325775146, 0.677570104598999, 0.692923903465271, 0.6835781335830688, 0.6975967884063721, 0.7022696733474731, 0.7136181592941284, 0.7156208157539368, 0.7202937006950378, 0.7216288447380066, 0.7122830152511597, 0.7149532437324524, 0.7196261882781982, 0.7236315011978149, 0.7323097586631775, 0.7209612727165222, 0.7409879565238953, 0.728304386138916, 0.743658185005188, 0.7256341576576233, 0.7469959855079651, 0.7349799871444702, 0.7336448431015015, 0.7376502156257629, 0.7443257570266724, 0.7336448431015015, 0.7396528720855713, 0.7543390989303589, 0.7536715865135193, 0.7443257570266724, 0.7456609010696411, 0.7429906725883484, 0.7536715865135193, 0.7363150715827942]}