{"loss": [12.57658576965332, 4.994929790496826, 3.4156246185302734, 2.8064892292022705, 1.8925570249557495, 1.5291252136230469, 1.1851474046707153, 0.9702613949775696, 0.8642036318778992, 0.6365518569946289, 0.5583121180534363, 0.5262320041656494, 0.4170272648334503, 0.369907408952713, 0.4099402129650116, 0.2609001398086548, 0.25647592544555664, 0.29147854447364807, 0.38523194193840027, 0.38824528455734253, 0.39647984504699707, 0.18618018925189972, 0.24658946692943573, 0.22714784741401672, 0.26381590962409973, 0.18515229225158691, 0.2584332525730133, 0.21662074327468872, 0.1578288972377777, 0.2891962230205536, 0.2386348396539688, 0.17123939096927643, 0.20664915442466736, 0.18893684446811676, 0.1664617657661438, 0.11576184630393982, 0.29062020778656006, 0.19580762088298798, 0.13834500312805176, 0.14162732660770416, 0.10936493426561356, 0.12977072596549988, 0.11180248111486435, 0.2534749209880829, 0.22915904223918915, 0.1005670353770256, 0.15037275850772858, 0.12851668894290924, 0.11326684802770615, 0.11230725795030594], "accuracy": [0.3539341986179352, 0.4741058647632599, 0.5556509494781494, 0.5896995663642883, 0.6613733768463135, 0.6998569369316101, 0.7417739629745483, 0.7748211622238159, 0.7997138500213623, 0.832474946975708, 0.852217435836792, 0.8557940125465393, 0.8791130185127258, 0.8947067260742188, 0.8812589645385742, 0.9195994138717651, 0.9213161468505859, 0.9167382121086121, 0.891559362411499, 0.8977110385894775, 0.8984262943267822, 0.9399141669273376, 0.9339056015014648, 0.9314735531806946, 0.9258941411972046, 0.9469241499900818, 0.9297568202018738, 0.9394849538803101, 0.9516451954841614, 0.9240343570709229, 0.9361945390701294, 0.9566523432731628, 0.9427753686904907, 0.9454935789108276, 0.9525035619735718, 0.9676681160926819, 0.9274678230285645, 0.9457796812057495, 0.9616594910621643, 0.9579399228096008, 0.9676681160926819, 0.9638054370880127, 0.9721029996871948, 0.9360514879226685, 0.9377682209014893, 0.969098687171936, 0.9610872864723206, 0.9642346501350403, 0.9712446331977844, 0.970386266708374], "val_loss": [7.389754772186279, 5.397455215454102, 5.218261241912842, 4.051400184631348, 3.8048791885375977, 3.6861915588378906, 3.583907127380371, 3.6796460151672363, 3.579293966293335, 3.3285930156707764, 3.693437337875366, 3.446429967880249, 3.3859305381774902, 3.6290500164031982, 3.360506296157837, 3.767164707183838, 3.3341290950775146, 3.66437029838562, 4.350643157958984, 3.9029054641723633, 3.411810874938965, 3.478405237197876, 3.7252705097198486, 3.726114273071289, 3.5307352542877197, 3.499525785446167, 3.51367449760437, 3.585543632507324, 3.3997392654418945, 3.955326795578003, 3.3526875972747803, 3.683790922164917, 3.891920328140259, 3.6436924934387207, 3.5596206188201904, 4.019853591918945, 3.8782601356506348, 3.542379379272461, 3.603107452392578, 3.6721043586730957, 3.4683077335357666, 3.4834177494049072, 3.5364184379577637, 3.87845778465271, 3.652181386947632, 3.383831739425659, 3.7331807613372803, 3.9429965019226074, 3.7802083492279053, 3.9088892936706543], "val_accuracy": [0.3818424642086029, 0.435914546251297, 0.44392523169517517, 0.4813084006309509, 0.5060080289840698, 0.5053404569625854, 0.5120159983634949, 0.5096795558929443, 0.5130173563957214, 0.537049412727356, 0.5086782574653625, 0.5360480546951294, 0.5323765277862549, 0.527703583240509, 0.5483978390693665, 0.5243658423423767, 0.5624165534973145, 0.5413885116577148, 0.49766355752944946, 0.5156875848770142, 0.5657543540000916, 0.5537382960319519, 0.5567423105239868, 0.5524032115936279, 0.5600801110267639, 0.5791054964065552, 0.5714285969734192, 0.5680907964706421, 0.5764352679252625, 0.5614151954650879, 0.5931241512298584, 0.5797730088233948, 0.5490654110908508, 0.5821094512939453, 0.594125509262085, 0.5794392228126526, 0.5887850522994995, 0.5851134657859802, 0.5854472517967224, 0.5934579372406006, 0.5964619517326355, 0.6194926500320435, 0.6038050651550293, 0.5727636814117432, 0.598798394203186, 0.6131508946418762, 0.6124833226203918, 0.5897864103317261, 0.6238317489624023, 0.5991321802139282]}