{"loss": [18.796613693237305, 6.1823835372924805, 3.493605852127075, 2.4101169109344482, 1.9123260974884033, 1.6441285610198975, 1.4679204225540161, 1.3425407409667969, 1.2398360967636108, 1.1523547172546387, 1.104239821434021, 1.0366053581237793, 0.9933342337608337, 0.9424533247947693, 0.8789089322090149, 0.8098335266113281, 0.7632896304130554, 0.7643986344337463, 0.7150699496269226, 0.683928370475769, 0.6351795792579651, 0.6404587030410767, 0.6352583765983582, 0.5844144225120544, 0.5859780311584473, 0.5262539982795715, 0.5142736434936523, 0.5296591520309448, 0.46253502368927, 0.5069926977157593, 0.42768558859825134, 0.4577624797821045, 0.4154655635356903, 0.4149424433708191, 0.3810845911502838, 0.3839813470840454, 0.38658350706100464, 0.3905572295188904, 0.33395132422447205, 0.3232872784137726, 0.34639546275138855, 0.3189941644668579, 0.3084368109703064, 0.28129056096076965, 0.2925630211830139, 0.27919524908065796, 0.2806492745876312, 0.29327192902565, 0.29888850450515747, 0.2573971450328827], "accuracy": [0.310586541891098, 0.39942774176597595, 0.4241774082183838, 0.43690988421440125, 0.46523603796958923, 0.4987124502658844, 0.525178849697113, 0.5636623501777649, 0.5937052965164185, 0.6191702485084534, 0.6276108622550964, 0.6515021324157715, 0.6680972576141357, 0.6856938600540161, 0.7025750875473022, 0.7195994257926941, 0.7373390793800354, 0.7397711277008057, 0.7633762359619141, 0.7625178694725037, 0.7826895713806152, 0.7814019918441772, 0.7825465202331543, 0.7932761311531067, 0.8002861142158508, 0.8216022849082947, 0.8211731314659119, 0.8165951371192932, 0.8404864072799683, 0.8266094326972961, 0.8557940125465393, 0.8453505039215088, 0.8583691120147705, 0.861945629119873, 0.873247504234314, 0.8701001405715942, 0.8673819899559021, 0.8666666746139526, 0.8834048509597778, 0.8935622572898865, 0.8849785327911377, 0.8885550498962402, 0.8949928283691406, 0.9060086011886597, 0.9048640727996826, 0.9064377546310425, 0.9074391722679138, 0.9037196040153503, 0.902718186378479, 0.9128755331039429], "val_loss": [6.697608470916748, 3.937922716140747, 2.8426003456115723, 2.26928973197937, 2.1185522079467773, 2.007154703140259, 1.9424670934677124, 1.93384850025177, 1.9071975946426392, 1.9049818515777588, 1.8381961584091187, 1.8387211561203003, 1.859320044517517, 1.7806150913238525, 1.9177080392837524, 1.8217440843582153, 1.8362189531326294, 1.8457026481628418, 1.8490008115768433, 1.8660560846328735, 1.873443841934204, 1.9666754007339478, 1.909056305885315, 1.858028769493103, 1.921828269958496, 1.9313414096832275, 1.930763840675354, 1.9605181217193604, 1.973629355430603, 2.1251296997070312, 1.9551514387130737, 1.9790736436843872, 2.0055556297302246, 2.0180141925811768, 1.9981499910354614, 2.111886501312256, 2.0335943698883057, 2.129032850265503, 2.0688271522521973, 2.161669969558716, 2.1321396827697754, 2.0873942375183105, 2.074212074279785, 2.0999867916107178, 2.1553258895874023, 2.175150156021118, 2.1490228176116943, 2.204350471496582, 2.335519790649414, 2.2285842895507812], "val_accuracy": [0.4148865044116974, 0.435914546251297, 0.4072096049785614, 0.42289718985557556, 0.4289052188396454, 0.4612817168235779, 0.45927903056144714, 0.4602803885936737, 0.4926568865776062, 0.499332457780838, 0.5170226693153381, 0.5180240273475647, 0.5253671407699585, 0.5267022848129272, 0.5226969122886658, 0.5400534272193909, 0.5393858551979065, 0.5447263121604919, 0.5470627546310425, 0.5490654110908508, 0.5637516975402832, 0.5630841255187988, 0.5560747385025024, 0.5677570104598999, 0.5700934529304504, 0.5797730088233948, 0.5627503395080566, 0.5654205679893494, 0.5817757248878479, 0.5637516975402832, 0.5831108093261719, 0.5921228528022766, 0.5670894384384155, 0.5824432373046875, 0.5907877087593079, 0.5807743668556213, 0.592456579208374, 0.6021361947059631, 0.5991321802139282, 0.5897864103317261, 0.5854472517967224, 0.6038050651550293, 0.5944592952728271, 0.6048064231872559, 0.5954605937004089, 0.5851134657859802, 0.5867823958396912, 0.6028037667274475, 0.578771710395813, 0.5947930812835693]}