{"loss": [10.274762153625488, 4.516066551208496, 3.7160398960113525, 3.4539434909820557, 3.3213701248168945, 3.2291617393493652, 3.146780014038086, 3.0628561973571777, 3.000211000442505, 2.934178113937378, 2.85042142868042, 2.8290750980377197, 2.775362730026245, 2.7229745388031006, 2.6665031909942627, 2.6049118041992188, 2.5604593753814697, 2.5161242485046387, 2.477623224258423, 2.4148638248443604, 2.373049736022949, 2.330141544342041, 2.2968533039093018, 2.245028018951416, 2.182755708694458, 2.130307912826538, 2.090013265609741, 2.048676013946533, 1.9782354831695557, 1.9777767658233643, 1.9126030206680298, 1.8623653650283813, 1.8345309495925903, 1.8176599740982056, 1.743391513824463, 1.7164057493209839, 1.6545114517211914, 1.6362680196762085, 1.5998796224594116, 1.5756667852401733, 1.5411927700042725, 1.4951813220977783, 1.469293236732483, 1.4402093887329102, 1.4032351970672607, 1.3807599544525146, 1.3684337139129639, 1.323912262916565, 1.30165696144104, 1.297662377357483], "accuracy": [0.19184549152851105, 0.2454935610294342, 0.2841201722621918, 0.31244635581970215, 0.33562231063842773, 0.3510729670524597, 0.37539342045783997, 0.40329042077064514, 0.4181688129901886, 0.4337625205516815, 0.4590843915939331, 0.45937052369117737, 0.4678111672401428, 0.4831187427043915, 0.48898425698280334, 0.5110157132148743, 0.5221745371818542, 0.5319027304649353, 0.5340486168861389, 0.5576537847518921, 0.5639485120773315, 0.5771101713180542, 0.5846924185752869, 0.5928469300270081, 0.6097281575202942, 0.6180257797241211, 0.6290414929389954, 0.6412017345428467, 0.6618025898933411, 0.6556509137153625, 0.6731044054031372, 0.6866952776908875, 0.6954220533370972, 0.6888412237167358, 0.7137339115142822, 0.7110157608985901, 0.7376251816749573, 0.7379112839698792, 0.7484978437423706, 0.7519313097000122, 0.7633762359619141, 0.7748211622238159, 0.774678111076355, 0.794420599937439, 0.7909871339797974, 0.7952789664268494, 0.8007153272628784, 0.8138769865036011, 0.8204578161239624, 0.8168812394142151], "val_loss": [3.669642925262451, 3.304788589477539, 3.2044665813446045, 3.1583025455474854, 3.110219955444336, 3.0444042682647705, 2.992168664932251, 2.9876906871795654, 2.94181752204895, 2.844120979309082, 2.8215956687927246, 2.7385621070861816, 2.6909120082855225, 2.6676268577575684, 2.6261801719665527, 2.6170425415039062, 2.573155403137207, 2.573452949523926, 2.5269086360931396, 2.4911253452301025, 2.5031585693359375, 2.4717326164245605, 2.443108558654785, 2.3947436809539795, 2.3597991466522217, 2.4103245735168457, 2.326850652694702, 2.2931532859802246, 2.3031435012817383, 2.287933111190796, 2.264521360397339, 2.2568857669830322, 2.258504867553711, 2.2594168186187744, 2.2382564544677734, 2.2876012325286865, 2.23107647895813, 2.1722471714019775, 2.213524580001831, 2.2016382217407227, 2.1549510955810547, 2.183596134185791, 2.1778385639190674, 2.217345714569092, 2.1811556816101074, 2.1893370151519775, 2.1228532791137695, 2.164442539215088, 2.16019606590271, 2.24800968170166], "val_accuracy": [0.3204272389411926, 0.33344459533691406, 0.36281707882881165, 0.37716954946517944, 0.385847806930542, 0.40153539180755615, 0.4362483322620392, 0.4399198889732361, 0.4532710313796997, 0.46228304505348206, 0.45827770233154297, 0.492990642786026, 0.5056742429733276, 0.5040053129196167, 0.5130173563957214, 0.506341814994812, 0.5220293998718262, 0.5180240273475647, 0.523030698299408, 0.5393858551979065, 0.5236982703208923, 0.5457276105880737, 0.5467289686203003, 0.563417911529541, 0.564752995967865, 0.5574098825454712, 0.5714285969734192, 0.578771710395813, 0.580106794834137, 0.5854472517967224, 0.5871161818504333, 0.5961281657218933, 0.5921228528022766, 0.5857810378074646, 0.5991321802139282, 0.5984646081924438, 0.5967957377433777, 0.6028037667274475, 0.5994659662246704, 0.6044726371765137, 0.6154873371124268, 0.6054739356040955, 0.6161548495292664, 0.6081441640853882, 0.6168224215507507, 0.62049400806427, 0.6221628785133362, 0.6151535511016846, 0.6174899935722351, 0.62049400806427]}