{"loss": [19.804237365722656, 7.127439498901367, 4.636752128601074, 3.6229023933410645, 3.153937339782715, 2.8720192909240723, 2.7521519660949707, 2.5979762077331543, 2.50740647315979, 2.4448587894439697, 2.345477342605591, 2.2861084938049316, 2.212354898452759, 2.1707234382629395, 2.1241629123687744, 2.0439014434814453, 2.026958465576172, 1.9733833074569702, 1.9464067220687866, 1.8927441835403442, 1.8448996543884277, 1.795004963874817, 1.7596569061279297, 1.772619605064392, 1.699863314628601, 1.6797815561294556, 1.6583471298217773, 1.6404335498809814, 1.5891449451446533, 1.5532597303390503, 1.5359002351760864, 1.4827433824539185, 1.4329105615615845, 1.3996014595031738, 1.3853389024734497, 1.4316530227661133, 1.361594319343567, 1.3236476182937622, 1.2923375368118286, 1.2977468967437744, 1.2529133558273315, 1.2184126377105713, 1.196415901184082, 1.1973546743392944, 1.1870349645614624, 1.17210054397583, 1.1447051763534546, 1.089088797569275, 1.118622064590454, 1.113207459449768], "accuracy": [0.3165951371192932, 0.3922746777534485, 0.42861229181289673, 0.4384835362434387, 0.4586552083492279, 0.5095851421356201, 0.5293276309967041, 0.5649499297142029, 0.5756795406341553, 0.6034334897994995, 0.6307582259178162, 0.6502146124839783, 0.6676681041717529, 0.680400550365448, 0.6938483715057373, 0.7123032808303833, 0.7207438945770264, 0.7404863834381104, 0.7444921135902405, 0.7537911534309387, 0.7719599604606628, 0.7818312048912048, 0.7907009720802307, 0.7854077219963074, 0.8034334778785706, 0.8052932620048523, 0.8120171427726746, 0.8154506683349609, 0.8276108503341675, 0.8386266231536865, 0.8447782397270203, 0.8519313335418701, 0.8660944104194641, 0.8736766576766968, 0.8722460865974426, 0.8556509017944336, 0.8738197684288025, 0.8828326463699341, 0.8914163112640381, 0.8852646350860596, 0.8955650925636292, 0.9004291892051697, 0.9045779705047607, 0.9037196040153503, 0.9022889733314514, 0.907010018825531, 0.9061516523361206, 0.9227467775344849, 0.911301851272583, 0.9060086011886597], "val_loss": [7.1481547355651855, 4.945405006408691, 4.114563941955566, 3.573483467102051, 3.392610788345337, 3.2631123065948486, 3.236954689025879, 3.246790647506714, 3.21954345703125, 3.164912223815918, 3.195408344268799, 3.1119298934936523, 3.1714823246002197, 3.1312198638916016, 3.1496682167053223, 3.086344003677368, 3.1853747367858887, 3.126152276992798, 3.0754969120025635, 3.0422489643096924, 3.0845744609832764, 3.0230870246887207, 3.0460433959960938, 3.037487506866455, 3.005432605743408, 3.0474228858947754, 2.9729607105255127, 3.011942148208618, 3.0827033519744873, 2.9758150577545166, 2.969088077545166, 2.99184513092041, 3.0747108459472656, 2.927323579788208, 3.027195453643799, 2.9215095043182373, 2.9485011100769043, 2.9165191650390625, 2.974001407623291, 2.925243854522705, 2.90885329246521, 2.883246898651123, 2.8869025707244873, 2.9636893272399902, 2.886164903640747, 2.9849722385406494, 2.8942949771881104, 2.96174693107605, 2.956972360610962, 2.8414978981018066], "val_accuracy": [0.4098798334598541, 0.4218958616256714, 0.4132176339626312, 0.41922563314437866, 0.4392523467540741, 0.44793057441711426, 0.45861148834228516, 0.4712950587272644, 0.47329774498939514, 0.48331108689308167, 0.48397862911224365, 0.5003337860107422, 0.49132177233695984, 0.5026702284812927, 0.5280373692512512, 0.5186915993690491, 0.5223631262779236, 0.5400534272193909, 0.5463951826095581, 0.5587449669837952, 0.5504005551338196, 0.5597463250160217, 0.5667556524276733, 0.5600801110267639, 0.5550734400749207, 0.564752995967865, 0.5674232244491577, 0.5610814690589905, 0.5697596669197083, 0.5821094512939453, 0.5861148238182068, 0.578771710395813, 0.577102780342102, 0.5851134657859802, 0.580106794834137, 0.5797730088233948, 0.5811081528663635, 0.5894526243209839, 0.6028037667274475, 0.5961281657218933, 0.5984646081924438, 0.6008010506629944, 0.5894526243209839, 0.5831108093261719, 0.6091455221176147, 0.5831108093261719, 0.5881174802780151, 0.5931241512298584, 0.601802408695221, 0.6151535511016846]}