{"loss": [2.1599175930023193, 1.8050724267959595, 1.6001472473144531, 1.4832487106323242, 1.4031283855438232, 1.3359876871109009, 1.2867857217788696, 1.2551517486572266, 1.2127233743667603, 1.1844056844711304, 1.146411418914795, 1.1259853839874268, 1.099206805229187, 1.088822841644287, 1.0627986192703247, 1.043865442276001, 1.0244508981704712, 1.0442748069763184, 1.021628499031067, 0.9910736680030823, 0.9719343781471252, 0.9712986946105957, 0.9420481324195862, 0.9198463559150696, 0.9170552492141724, 0.8992224335670471, 0.8980664610862732, 0.8820655941963196, 0.8620915412902832, 0.8486772179603577, 0.8433465361595154, 0.8284515142440796, 0.8576594591140747, 0.8064106106758118, 0.8318240642547607, 0.8013777136802673, 0.7832372784614563, 0.7838034629821777, 0.7803916931152344, 0.7442511320114136, 0.7206132411956787, 0.7525256276130676, 0.7188328504562378, 0.70887291431427, 0.7090838551521301, 0.6748062372207642, 0.6817574501037598, 0.6476178169250488, 0.6803366541862488, 0.6404685378074646], "accuracy": [0.2204577922821045, 0.38183119893074036, 0.4432045817375183, 0.4751072824001312, 0.5041487812995911, 0.5319027304649353, 0.5457797050476074, 0.5529327392578125, 0.5711015462875366, 0.5866952538490295, 0.604148805141449, 0.6085836887359619, 0.6180257797241211, 0.622603714466095, 0.6344778537750244, 0.6387696862220764, 0.6493562459945679, 0.636623740196228, 0.6474964022636414, 0.6595135927200317, 0.6690987348556519, 0.6649499535560608, 0.677253246307373, 0.6879828572273254, 0.6862660646438599, 0.6939914226531982, 0.6937053203582764, 0.6975679397583008, 0.7095851302146912, 0.7072961330413818, 0.7120171785354614, 0.7243204712867737, 0.711301863193512, 0.7237482070922852, 0.719742476940155, 0.7284692525863647, 0.7298998832702637, 0.7383404970169067, 0.7319027185440063, 0.7525035738945007, 0.7543633580207825, 0.7460657954216003, 0.7579399347305298, 0.7589413523674011, 0.760515034198761, 0.7741058468818665, 0.769098699092865, 0.7838340401649475, 0.7706723809242249, 0.7829756736755371], "val_loss": [1.9614732265472412, 1.655137538909912, 1.5122648477554321, 1.4494402408599854, 1.3818187713623047, 1.3290770053863525, 1.3103761672973633, 1.2895302772521973, 1.271856665611267, 1.2392734289169312, 1.257283329963684, 1.2254893779754639, 1.1994956731796265, 1.1898789405822754, 1.1844362020492554, 1.1916930675506592, 1.1764638423919678, 1.2175498008728027, 1.1720188856124878, 1.1691195964813232, 1.164294958114624, 1.1577626466751099, 1.1495897769927979, 1.1461433172225952, 1.1568820476531982, 1.1372991800308228, 1.1354541778564453, 1.1173268556594849, 1.1175450086593628, 1.1187303066253662, 1.104459285736084, 1.1131095886230469, 1.1061809062957764, 1.1167278289794922, 1.120839238166809, 1.099104404449463, 1.0892456769943237, 1.177274465560913, 1.1189253330230713, 1.0924025774002075, 1.088509202003479, 1.0919137001037598, 1.1442776918411255, 1.1184309720993042, 1.0943328142166138, 1.0937098264694214, 1.0937796831130981, 1.1018487215042114, 1.0696390867233276, 1.0695631504058838], "val_accuracy": [0.32710281014442444, 0.43724966049194336, 0.4886515438556671, 0.48731642961502075, 0.5146862268447876, 0.5280373692512512, 0.5320427417755127, 0.5460613965988159, 0.5440587401390076, 0.5727636814117432, 0.5767690539360046, 0.5901201367378235, 0.5914552807807922, 0.5947930812835693, 0.5914552807807922, 0.5954605937004089, 0.5994659662246704, 0.5914552807807922, 0.6061415076255798, 0.6074766516685486, 0.6088117361068726, 0.6081441640853882, 0.6208277940750122, 0.6194926500320435, 0.6088117361068726, 0.6268357634544373, 0.6148197650909424, 0.6241655349731445, 0.6308411359786987, 0.6335113644599915, 0.6421895623207092, 0.6328437924385071, 0.6421895623207092, 0.6321762204170227, 0.6181575655937195, 0.6301735639572144, 0.643524706363678, 0.6121495366096497, 0.6228304505348206, 0.6461949348449707, 0.6488651633262634, 0.648197591304779, 0.62950599193573, 0.6421895623207092, 0.6408544778823853, 0.6495327353477478, 0.6522029638290405, 0.6555407047271729, 0.662216305732727, 0.663551390171051]}